,source,id,youtube_dl_entry_contributor120
0,youtube,WG8zNoDQ9oc,True
1,youtube,CeFEX4e80Kw,True
2,youtube,RshjSWA2RI0,True
3,youtube,6RUWhlebUK8,True
4,youtube,glsJmeljRLk,True
5,youtube,BdrufbSJwHE,True
6,youtube,L3dtRrNJTwg,True
7,youtube,rEsrkWlVj8A,True
8,youtube,QNLMZ5MfTN0,True
9,youtube,D4B6oWCYPm8,True
10,youtube,YFSh9t178GE,True
11,youtube,Zu_EKL9SOIk,True
12,youtube,84sgde7cJ-o,True
13,youtube,ExqqdUXXdgA,True
14,youtube,5fp7v4PDs5I,True
15,youtube,5-ZTGP7a14g,True
16,youtube,OV8jw5mzsj8,True
17,youtube,nlA6bRcs0oU,True
18,youtube,wuL_QurTJrE,True
19,youtube,qeNL-bhdWqs,True
20,youtube,9HmOZZc0aEI,True
21,youtube,4ReaQIF0qwo,True
22,youtube,U1qjkAyr40o,True
23,youtube,NM22GRJZAng,True
24,youtube,KNeDm06Xb2Y,True
25,youtube,_hhMmU2wJqg,True
26,youtube,-D54ksTbwDQ,True
27,youtube,CxTPR9Bz90U,True
28,youtube,AiJ5TOaUhj8,True
29,youtube,lfBIYTrciHI,True
30,youtube,Eek-BlAsA3o,True
31,youtube,4Q0KAxoxMPo,True
32,youtube,MH0m5ktDJvU,True
33,youtube,avgRx29hT00,True
34,youtube,0SsEeLvygoU,True
35,youtube,1BZynkwnqHs,True
36,youtube,xzLF_8_3smU,True
37,youtube,AkJEwWWPZhU,True
38,youtube,sg-nx3B3qCI,True
39,youtube,fO48CQGc56U,True
40,youtube,g_FKVeNrKiQ,True
41,youtube,0c3N7sPFvgM,True
42,youtube,7pZCiPHlgwA,True
43,youtube,WRK45UAKNv0,True
44,youtube,X5-8NLYnSrM,True
45,youtube,ZT7kegfG8ao,True
46,youtube,-swFlvt4F-M,True
47,youtube,9_7Vbk7M-GU,True
48,youtube,3qCPiCQmAIk,True
49,youtube,iTyy51M-Zis,True
50,youtube,kG9W4OTGCow,True
51,youtube,7i7Cr6NfBCc,True
52,youtube,DaRcInsggt8,True
53,youtube,Ovoli4527ZI,True
54,youtube,k0-NHY3y1Ro,True
55,youtube,P9LDPM0AGuM,True
56,youtube,Nc7NLPbHc58,True
57,youtube,9_7Vbk7M-GU,True
58,youtube,3qCPiCQmAIk,True
59,youtube,iTyy51M-Zis,True
60,youtube,kG9W4OTGCow,True
61,youtube,7i7Cr6NfBCc,True
62,youtube,DaRcInsggt8,True
63,youtube,Ovoli4527ZI,True
64,youtube,k0-NHY3y1Ro,True
65,youtube,P9LDPM0AGuM,True
66,youtube,Nc7NLPbHc58,True
67,youtube,AkJEwWWPZhU,True
68,youtube,sg-nx3B3qCI,True
69,youtube,fO48CQGc56U,True
70,youtube,g_FKVeNrKiQ,True
71,youtube,0c3N7sPFvgM,True
72,youtube,7pZCiPHlgwA,True
73,youtube,WRK45UAKNv0,True
74,youtube,X5-8NLYnSrM,True
75,youtube,ZT7kegfG8ao,True
76,youtube,-swFlvt4F-M,True
77,youtube,Zu_EKL9SOIk,True
78,youtube,84sgde7cJ-o,True
79,youtube,5fp7v4PDs5I,True
80,youtube,nlA6bRcs0oU,True
81,youtube,qeNL-bhdWqs,True
82,youtube,CxTPR9Bz90U,True
83,youtube,4ReaQIF0qwo,True
84,youtube,NM22GRJZAng,True
85,youtube,AiJ5TOaUhj8,True
86,youtube,KNeDm06Xb2Y,True
87,youtube,lfBIYTrciHI,True
88,youtube,Eek-BlAsA3o,True
89,youtube,_hhMmU2wJqg,True
90,youtube,4Q0KAxoxMPo,True
91,youtube,-D54ksTbwDQ,True
92,youtube,MH0m5ktDJvU,True
93,youtube,avgRx29hT00,True
94,youtube,0SsEeLvygoU,True
95,youtube,1BZynkwnqHs,True
96,youtube,xzLF_8_3smU,True
97,youtube,-AcKauPU-nQ,True
98,youtube,O_ANlXoO0gc,True
99,youtube,5PS9QWZVMyE,True
100,youtube,BRw-2eePaCA,True
101,youtube,Wf0dI2AORUw,True
102,youtube,4BW_J7reuv4,True
103,youtube,SqUBluGgUHY,True
104,youtube,LPGTrcfS6pQ,True
105,youtube,bvx8Qyx5Wx8,True
106,youtube,DxJil2E-gjA,True
107,youtube,LeDGZ7M20i0,True
108,youtube,raF3vcaNpGE,True
109,youtube,3cJmYeM_ch0,True
110,youtube,Oh-9T63out0,True
111,youtube,rsTRGYfTUDM,True
112,youtube,06_2qMu8_l8,True
113,youtube,1xzq0j3aa04,True
114,youtube,6p9wM6l60_8,True
115,youtube,_t-qOEqmmrw,True
116,youtube,qwAl5JDjxFk,True
117,youtube,lDzg-vh_SZI,True
118,youtube,LANeLXp4O48,True
119,youtube,MdFG5Zf2zs4,True
120,youtube,HSP9agqVTC8,True
121,youtube,SBFwZ523E_s,True
122,youtube,rPARe20WOIs,True
123,youtube,Xp2WLEyQQxA,True
124,youtube,Q8zsjYKB1O0,True
125,youtube,iaL3uH8UKQo,True
126,youtube,gt5-8EUd_LU,True
127,youtube,2yQwAkxpFZY,True
128,youtube,dhBf4Cas0TU,True
129,youtube,LCViLW5YmYs,True
130,youtube,xXqL0wnewpc,True
131,youtube,f9z3Ply9mVY,True
132,youtube,R0rPSDCy2No,True
133,youtube,6UVS_GOnh4g,True
134,youtube,FKO8OTXEIAk,True
135,youtube,Ic0_SRCtDNY,True
136,youtube,r8_iETAHKts,True
137,youtube,6A4F5V6Hsgk,True
138,youtube,-4YjORT2bC4,True
139,youtube,s73_FVkjzXQ,True
140,youtube,YnCVA3NgfLY,True
141,youtube,44CSxiKCt8c,True
142,youtube,b9o_o76fc4w,True
143,youtube,A3saRiNgXdg,True
144,youtube,qg_SrC2mb8I,True
145,youtube,FvUHkqn9S0M,True
146,youtube,4T1T5xAj5FA,True
147,youtube,IOj9Q4peDTs,True
148,youtube,wNYk3VMeU8Q,True
149,youtube,SZY3dxnUuCo,True
150,youtube,NH9ejQ44ncY,True
151,youtube,WPzlNqfqNSo,True
152,youtube,g56vLSpoIKo,True
153,youtube,5FReVvxJeBI,True
154,youtube,MPWwQXFkLXs,True
155,youtube,Ydodl-fPb0o,True
156,youtube,AyQJoiqB_Ss,True
157,youtube,7aDStkGJeOU,True
158,youtube,2opXmCfyNwE,True
159,youtube,l8ru9Pjr7gU,True
160,youtube,aAhX4OtTOrU,True
161,youtube,228-nx2UX-w,True
162,youtube,Ug_Q5VIO4co,True
163,youtube,oSmFOniAunE,True
164,youtube,IgQwxiuHtuE,True
165,youtube,qtom_T9-g08,True
166,youtube,vNLVauN5Ips,True
167,youtube,EUvD1uyNRsY,True
168,youtube,DsuopleYZTQ,True
169,youtube,RLvg0KnTKhU,True
170,youtube,9jajnWrwHzA,True
171,youtube,QNrAVpTXc54,True
172,youtube,EYFlulwFbdM,True
173,youtube,E5ZtvROhFUY,True
174,youtube,OszQsnBAFH4,True
175,youtube,U0KkrTCB2Yg,True
176,youtube,VV0-q9E5usk,True
177,youtube,T00a5m7q24Y,True
178,youtube,7PVdRc6MfdE,True
179,youtube,CQeLXumqG30,True
180,youtube,lebSWo2yhoI,True
181,youtube,BzDS23AnTGw,True
182,youtube,EClai-gKG90,True
183,youtube,vgypkV0ahIM,True
184,youtube,Uq02gT53TfQ,True
185,youtube,ZQ8SbMRNock,True
186,youtube,f2M8fil8NG0,True
187,youtube,VUTrBmnMHas,True
188,youtube,psOKt2mLKhY,True
189,youtube,kOKtf1L87g4,True
190,youtube,qDt-LK0sNRo,True
191,youtube,-BYuzs3l2g8,True
192,youtube,aQbep5FATjo,True
193,youtube,sv_SCeNcW4s,True
194,youtube,tZ7jAqDr53g,True
195,youtube,5WWodojikgg,True
196,youtube,KrzXGJIi3n4,True
197,youtube,Jch4ddRv_X8,True
198,youtube,hOOpYjzaqFU,True
199,youtube,UUD86x_scDY,True
200,youtube,oISpU562mpo,True
201,youtube,jTyOooxAT-k,True
202,youtube,Ya5PFIRHKcU,True
203,youtube,nYQM4OKUB0g,True
204,youtube,cba-GyT5nGo,True
205,youtube,HouxP9hS5Tw,True
206,youtube,KzoKHPXwnHE,True
207,youtube,pdXd3WQkadA,True
208,youtube,EHPUB7BoY1Y,True
209,youtube,kIr9kurGl_E,True
210,youtube,6inFAqXH6Jw,True
211,youtube,VrhlqhaWa9E,True
212,youtube,dK7_ay7TZuY,True
213,youtube,68YARiB7i78,True
214,youtube,bLqW4JFCWAs,True
215,youtube,Cl7OK5JZsNE,True
216,youtube,NsnvY8yfkMY,True
217,youtube,z9CGBrVQb-w,True
218,youtube,okMcDVgPrHU,True
219,youtube,ihitGTHeGqY,True
220,youtube,aOKXxIojT4o,True
221,youtube,4gOpGjd9s9I,True
222,youtube,4BYQjTEyK4k,True
223,youtube,Y3ytGZlcH3w,True
224,youtube,Fl2PFQF1_Fs,True
225,youtube,sX5dJHdFLP8,True
226,youtube,Aq9yN9zyKss,True
227,youtube,w1Mo6-Lx9O8,True
228,youtube,TBHNBJ8TjyI,True
229,youtube,H0L6EhiUXyE,True
230,youtube,I6_RrFN0WdU,True
231,youtube,Fvo7xtxGAzY,True
232,youtube,nGjN431iUBM,True
233,youtube,-7w1StYRvGY,True
234,youtube,EIAJ_GJ79HU,True
235,youtube,uvkDZJu0dWM,True
236,youtube,cD8BeTn2R_E,True
237,youtube,HBHkfcchN9Q,True
238,youtube,Izo4HqL9dTI,True
239,youtube,BvwL7ZBJqmo,True
240,youtube,dbA_W8Wkztg,True
241,youtube,BygCVecbmlc,True
242,youtube,C0QifNq6ECM,True
243,youtube,t7oCTjP8lIU,True
244,youtube,vXexvl7fdzI,True
245,youtube,-wJeaFMnoKI,True
246,youtube,KW5dWiBNC_g,True
247,youtube,CtwC6GSzA5U,True
248,youtube,7Byw6Nxdaow,True
249,youtube,MBqbZFIzh-c,True
250,youtube,92jr9s22u0o,True
251,youtube,ZydThn8v1hQ,True
252,youtube,OlO36incqiQ,True
253,youtube,22sF0YJyU1U,True
254,youtube,CI9xwg7t0-Y,True
255,youtube,PBYcIouugUU,True
256,youtube,VDKXle0mgBE,True
257,youtube,4HaH0HTL6ys,True
258,youtube,vtGfLbA_ke0,True
259,youtube,rV2LDA4i4dQ,True
260,youtube,T66j5dsHgw0,True
261,youtube,SoO8zsa7oJo,True
262,youtube,50IEBW1mjK4,True
263,youtube,PxBxrFrobiE,True
264,youtube,Q2RHwTad-rg,True
265,youtube,lIg87db0SUQ,True
266,youtube,3VzIjcXgHfA,True
267,youtube,hbxkilTrqEY,True
268,youtube,rg4iqUgnSaU,True
269,youtube,l6PHpCrLDtA,True
270,youtube,bRr7UuzlnPc,True
271,youtube,Ged6l0cZte0,True
272,youtube,OBsX9R5FKOo,True
273,youtube,-PvV9_hErpo,True
274,youtube,RQguUmdsnm8,True
275,youtube,NRwec1dXRtE,True
276,youtube,p5j8ZNOTWyo,True
277,youtube,ZxB7qHXOBQg,True
278,youtube,gwesXzH4s3Y,True
279,youtube,qCuQqTiJbZE,True
280,youtube,SV6RVmgd7JE,True
281,youtube,nFxNtc7p5sg,True
282,youtube,ZvSdjO0QOYk,True
283,youtube,5G5asI-DyS0,True
284,youtube,GHFDOk6Iyi0,True
285,youtube,VOlbT7N-QsE,True
286,youtube,MmLAWy139wY,True
287,youtube,De0ziAiJuUs,True
288,youtube,ShlZ1SvpMQk,True
289,youtube,rD6IsvD_41U,True
290,youtube,fKSNWa5KW4w,True
291,youtube,kPZyOUoI_jQ,True
292,youtube,t2IUIciqfHc,True
293,youtube,BGiv4CVXnEk,True
294,youtube,4dLFMLypDsM,True
295,youtube,UvaWmC-DwsU,True
296,youtube,DZb-E8KeCC4,True
297,youtube,tUJZELweQMY,True
298,youtube,xuEgd7xattA,True
299,youtube,-knCYzMqvsw,True
300,youtube,VmmELyBwTO4,True
301,youtube,rTq4fRkrJy0,True
302,youtube,VMlJrJKeK4w,True
303,youtube,Eo_XugJseOk,True
304,youtube,Bps_o1kXYx0,True
305,youtube,YnFQNPBkChk,True
306,youtube,TYNf6XbaW4s,True
307,youtube,raoOBmcyZFI,True
308,youtube,PFq1rgSVSIE,True
309,youtube,fwQlmtk0PrI,True
310,youtube,jzvIRxHZHWA,True
311,youtube,FslMlgXMW3g,True
312,youtube,KBAi9Z_v7ow,True
313,youtube,9XOhal96o4Q,True
314,youtube,h-bYv2GrZyE,True
315,youtube,eCwgicpZj-k,True
316,youtube,agmWVv9akK0,True
317,youtube,nCGfWLhFVCs,True
318,youtube,82-tRtCUTb8,True
319,youtube,1rhCBAwsDJU,True
320,youtube,JUnBTle2ubU,True
321,youtube,id0oQR5xVo4,True
322,youtube,s2ljU7YFRtU,True
323,youtube,LSPKZ4LrciM,True
324,youtube,pQT5oDJZhzg,True
325,youtube,dNbUjK1I_ts,True
326,youtube,LjweVZ2F_Mo,True
327,youtube,t9CEt3lzdPk,True
328,youtube,lhFDkyiDb1o,True
329,youtube,z15o3vvRlMg,True
330,youtube,uAQP2cdANgI,True
331,youtube,E1VcistEC9M,True
332,youtube,NKpmic4n6ow,True
333,youtube,Wp6Ao2jkDEI,True
334,youtube,UEXIMft3kaM,True
335,youtube,kdE2ChZw1UM,True
336,youtube,QN77KYH633U,True
337,youtube,jiwMwHRZexw,True
338,youtube,e3VPKMp4fwM,True
339,youtube,1-84Yt2prRI,True
340,youtube,0mQAjptqIr0,True
341,youtube,UXDIZH8RiUk,True
342,youtube,VMtEVOUQYxI,True
343,youtube,E68adsZsMpY,True
344,youtube,l85HRq1bTjA,True
345,youtube,mpJHYrzSvjw,True
346,youtube,8ZyauWRsuGI,True
347,youtube,YXfXxXHb0zk,True
348,youtube,g22SOG8J5Os,True
349,youtube,wGX79hxiBt8,True
350,youtube,ex8DBvkoj_Y,True
351,youtube,IYLGEXGsnJU,True
352,youtube,CTlY-GzFZ1w,True
353,youtube,4Dv9IWEaS5I,True
354,youtube,V8p4VAeheSg,True
355,youtube,__dy_CPtSGM,True
356,youtube,wGi0rrxS7LM,True
357,youtube,6qfvPERrysM,True
358,youtube,TLKbCpkbLnQ,True
359,youtube,kzoT1BdbeXQ,True
360,youtube,ePDuCcNXspA,True
361,youtube,vZIUbR96d8U,True
362,youtube,GLCogGcUO0I,True
363,youtube,n78jV8fg38U,True
364,youtube,sph5Yk1uy-s,True
365,youtube,Vz6IQCgCl2c,True
366,youtube,KQZg3d-5sUs,True
367,youtube,7HYOzFDdcQY,True
368,youtube,d4naKkxiL5w,True
369,youtube,zFtzoOgu4O0,True
370,youtube,71NawzMQ4wA,True
371,youtube,DunhPc824Zg,True
372,youtube,QiDOSKqMOZE,True
373,youtube,_09cWZIbZCc,True
374,youtube,wPvJKVu5eSE,True
375,youtube,iP8PEnZhVxM,True
376,youtube,fqtFk-k8tHo,True
377,youtube,RltUX26Z-JQ,True
378,youtube,TJMGdwL0yBI,True
379,youtube,HS1depyuimY,True
380,youtube,GfgMq3L6Gl0,True
381,youtube,N19M-51NVqk,True
382,youtube,dDgM8MBnF8Q,True
383,youtube,wSk8in0JbFs,True
384,youtube,WwdhUwr8q1A,True
385,youtube,E3eB2zLSFwU,True
386,youtube,a3nYLJVqNPw,True
387,youtube,jZm2rVa8kxU,True
388,youtube,bz0Sr5WMLxU,True
389,youtube,0jRWM0LSjLY,True
390,youtube,625dwv-_V24,True
391,youtube,YDlHRIDa7fw,True
392,youtube,6qE1zTFAg5A,True
393,youtube,3JcO_xuZQgY,True
394,youtube,Bg0PQP7694Y,True
395,youtube,K63aTuSlAPo,True
396,youtube,ZXJeYVeCjSo,True
397,youtube,i50j8zXGrLg,True
398,youtube,61o0VeE9MM0,True
399,youtube,LhI4ac_9Lg0,True
400,youtube,_aKZ-DykKDs,True
401,youtube,7ICnrr583rU,True
402,youtube,Bn_Gu8UOnvg,True
403,youtube,fz00WTurkFk,True
404,youtube,UVt7t5tLQAA,True
405,youtube,Ljd0EL88bLk,True
406,youtube,s6P2aLman8s,True
407,youtube,a47K_41SX8I,True
408,youtube,FoEU8GxPFUw,True
409,youtube,wtRMbuGpJnM,True
410,youtube,aKW2qoHNS8s,True
411,youtube,DuAkr2Qe_wY,True
412,youtube,rJnj0Qg1mmE,True
413,youtube,tuww6F07s68,True
414,youtube,GwwtklieGgw,True
415,youtube,NXl18ZCZHPc,True
416,youtube,HKDHuxe0hME,True
417,youtube,KL407cYBEts,True
418,youtube,FIikZREQ5jY,True
419,youtube,OuBoAr-6Nbk,True
420,youtube,prFLBIqUqIg,True
421,youtube,rBSXee-DVf0,True
422,youtube,xU6nA6_XS6Q,True
423,youtube,KR_t3ZoQvT4,True
424,youtube,tQXHmxVCGQg,True
425,youtube,p6jnrh3bgLU,True
426,youtube,4GWkvm15Bs8,True
427,youtube,gksIcdUg9eQ,True
428,youtube,Iqv6X3SzqhY,True
429,youtube,63pY5WjDXHU,True
430,youtube,vvdkiBm4l3M,True
431,youtube,gs0SI7zchBk,True
432,youtube,SJR7CMB_7SU,True
433,youtube,JgNKsAzb9-I,True
434,youtube,ubYW7GlFAgw,True
435,youtube,M5ztIGwJcss,True
436,youtube,6xb5Juf7Cbk,True
437,youtube,sk7PJKTIoJg,True
438,youtube,-lbN79L2-9E,True
439,youtube,EX_RY1362wo,True
440,youtube,VjbmibnW3jo,True
441,youtube,2XA9Nh7CehQ,True
442,youtube,FPlMvn87Cks,True
443,youtube,1fc-flfkf1E,True
444,youtube,Mq-FErrVZPk,True
445,youtube,66o4VzwjtNs,True
446,youtube,k0bIFylDziA,True
447,youtube,sjG4pPhLves,True
448,youtube,Ldcay163iV8,True
449,youtube,ey64FSZG6gM,True
450,youtube,6GLzoOB2CQE,True
451,youtube,T0UpdIfRlbM,True
452,youtube,a8R1qStsM5Y,True
453,youtube,J2B68jZHKEg,True
454,youtube,xPJ7ul_p1CM,True
455,youtube,6T3bJf5eYBM,True
456,youtube,livf4EWGU8o,True
457,youtube,EHNPoshuep4,True
458,youtube,TmOwxK6Tid4,True
459,youtube,lip1lx89Ss8,True
460,youtube,pbIf6qmvc_o,True
461,youtube,eP8UAwP0_dY,True
462,youtube,WnkSFXnlwVU,True
463,youtube,l0yi-qABCok,True
464,youtube,g5LnN1K542w,True
465,youtube,9apJosTaVpc,True
466,youtube,t8xCgEdT0Fk,True
467,youtube,8tVZyLTzxD4,True
468,youtube,nCcJGoGaQpo,True
469,youtube,ssZiAK1RqDo,True
470,youtube,149KfsYwlJI,True
471,youtube,hJUyrJMeQm0,True
472,youtube,xQ6rwHSC1gw,True
473,youtube,ZqUmCfcfIh4,True
474,youtube,hEljPlnXfPk,True
475,youtube,zAr-ax5Y6HQ,True
476,youtube,429FJh098Eo,True
477,youtube,HNwWsgIVPy4,True
478,youtube,tl3Dj2EDMj0,True
479,youtube,LNlItYEG0JM,True
480,youtube,7lIGNLJRjSg,True
481,youtube,v6_eXWgj63M,True
482,youtube,6K8IoVDsZsE,True
483,youtube,2MYjwNhXf2I,True
484,youtube,J40UrmlYooI,True
485,youtube,uBhYg2b8KCY,True
486,youtube,IUjB11n2C2g,True
487,youtube,WCt1mQDAgp8,True
488,youtube,M3r56n6rZcg,True
489,youtube,KsZwGy9NWpU,True
490,youtube,nICKJRVC9c4,True
491,youtube,ZS5Hrym0CCU,True
492,youtube,mKnt2gxDsAI,True
493,youtube,73IluTdh_yA,True
494,youtube,VQRPfjvyVVs,True
495,youtube,XLGLtEYd7Qw,True
496,youtube,c7OP5y19lY8,True
497,youtube,utcpO5Pymuw,True
498,youtube,9B-ui5tQUs0,True
499,youtube,E-IlrORMJxA,True
500,youtube,vIprCMgCqyw,True
501,youtube,sBSvlCJWMpk,True
502,youtube,dnWwQStkIiY,True
503,youtube,k5EkP4iwLo4,True
504,youtube,tfGhv7PkxuE,True
505,youtube,RfVqhcrH5fo,True
506,youtube,D4AqI2jJfbY,True
507,youtube,1i9kB1GG0yM,True
508,youtube,hEXRxDvr8yc,True
509,youtube,kaKT5_eSk_o,True
510,youtube,93x9a684j7w,True
511,youtube,C-uyqwLO0so,True
512,youtube,cGS16jXMJsQ,True
513,youtube,zJy6tQAhuC8,True
514,youtube,G2nQ7HdX-Uo,True
515,youtube,K0DPVM5Pblg,True
516,youtube,aCOpyhhxBvs,True
517,youtube,iCSi-3EeFvM,True
518,youtube,0ngAoIk9S2c,True
519,youtube,r_bUiMm_Tv8,True
520,youtube,u8EM96M6LxM,True
521,youtube,v0mz0p6g3a0,True
522,youtube,7ckXtIqoheg,True
523,youtube,kxSevtDtbDU,True
524,youtube,8VKQ9HPNTYs,True
525,youtube,275Pw5GLkMc,True
526,youtube,wPf4lMLe4X4,True
527,youtube,viV_CwOEfxc,True
528,youtube,4TZPKGhYFc4,True
529,youtube,Snrbkrbaijc,True
530,youtube,FTpZ7clbJN0,True
531,youtube,rkDq4xHMOMg,True
532,youtube,X47uLOypS0g,True
533,youtube,I8UCNVwbVgw,True
534,youtube,om-AeBTqJlw,True
535,youtube,EIijMoGZGCM,True
536,youtube,0Xb0cl2M_PQ,True
537,youtube,vp69Er2Qz9o,True
538,youtube,gsUe-DqgUMI,True
539,youtube,qHqjnv1ioOo,True
540,youtube,H3EN-Q5yFHE,True
541,youtube,UMsupa62TWg,True
542,youtube,8Ab02fbqoGA,True
543,youtube,RffRwB0E2c4,True
544,youtube,bGZXbqq7RC8,True
545,youtube,BqpQ2U23ufQ,True
546,youtube,wn3vnbWoI0k,True
547,youtube,1Q59odvoTCs,True
548,youtube,_8xo3uaG-zM,True
549,youtube,uUJL1UnPlgE,True
550,youtube,9XZkw1aXb3Y,True
551,youtube,naG9cs5UeiA,True
552,youtube,tKVlfpI0EGU,True
553,youtube,ESCqbTQm82w,True
554,youtube,0F_udL5V_xU,True
555,youtube,ZIahcpATWZo,True
556,youtube,Pm6qUSoIkVE,True
557,youtube,tMCic5YAS3U,True
558,youtube,GlY9PGuMquY,True
559,youtube,6gvG5RHaJFI,True
560,youtube,73yRBGO7v-A,True
561,youtube,h_Hecs7fSQU,True
562,youtube,Mlvgtd1Ve-M,True
563,youtube,otWuGJ7fO74,True
564,youtube,CesPpcIb7_k,True
565,youtube,PqxvrHtqnAI,True
566,youtube,FQ4iOm2O_-0,True
567,youtube,e09Y_9BJk6U,True
568,youtube,vhY9iUh5un8,True
569,youtube,NOhQIrOaF7w,True
570,youtube,-trJaaYpRnQ,True
571,youtube,mWYeb-WCYr0,True
572,youtube,wTYfAn_Kv9E,True
573,youtube,Ts_oZmo0Y2E,True
574,youtube,WnWJn9q_fw0,True
575,youtube,GFCClxPFn20,True
576,youtube,lw54_k-2Ulk,True
577,youtube,uR81A9x8ONE,True
578,youtube,LYHNyVK2F7Y,True
579,youtube,3wK3vMOYDpE,True
580,youtube,XBFI3icOpy8,True
581,youtube,kkOGzx4Xv84,True
582,youtube,QVILKo4Uq-I,True
583,youtube,K4y6nus8F6I,True
584,youtube,boBd11gkg_g,True
585,youtube,5uNgp91lPWY,True
586,youtube,NH_mxi38nNE,True
587,youtube,C0snxF7szNg,True
588,youtube,7NyJY5XjaTY,True
589,youtube,fgAi_vlhe1k,True
590,youtube,qwQ56r0RmsQ,True
591,youtube,whVZTDjGh_U,True
592,youtube,U948LY7qIOM,True
593,youtube,x8OsrGer8Zo,True
594,youtube,xQjEr7awNaE,True
595,youtube,A6VgurvkUf8,True
596,youtube,E6FKrUpNvZA,True
597,youtube,ahl8_5fCH64,True
598,youtube,B0zb2nHA8gQ,True
599,youtube,q-6vRi4FoRY,True
600,youtube,XdtPviKIJ6U,True
601,youtube,_BjeXwWx9R0,True
602,youtube,7rFBAyOKWJo,True
603,youtube,YwuwWRJjO5M,True
604,youtube,7bgAcIyrJT0,True
605,youtube,8WH9skjbF0U,True
606,youtube,s6r-46z8OOU,True
607,youtube,Cji0iZlTqX8,True
608,youtube,W20kinFOcKw,True
609,youtube,XCNqvZgUvfU,True
610,youtube,y1SAs4jo-nU,True
611,youtube,u88AtQIe4Bc,True
612,youtube,5t5IfIQeJJ0,True
613,youtube,WIB730w2dNM,True
614,youtube,ml4C7VRPhZ0,True
615,youtube,we8br8CQSfw,True
616,youtube,FL19R7NPezU,True
617,youtube,RuO_-jX7Uwg,True
618,youtube,5dn_G5tLO0w,True
619,youtube,k_cz-0wPigc,True
620,youtube,bFDGJ-QPXug,True
621,youtube,ay0zHSz3CrE,True
622,youtube,Jaaq8M6OeKg,True
623,youtube,wylyeAO_ca0,True
624,youtube,0P-sljczfIc,True
625,youtube,LULzaQpLdN8,True
626,youtube,Y4untYS4Zr8,True
627,youtube,OxB7zgYVSPg,True
628,youtube,_ZWC7bTepX8,True
629,youtube,dFk-8t6uY04,True
630,youtube,IMy4SNe3O1Y,True
631,youtube,nPJVAyRraWw,True
632,youtube,wuO4tKKS-98,True
633,youtube,K8n6UHAGa2k,True
634,youtube,z2gCGcOSBqk,True
635,youtube,nNtAxLuHKW8,True
636,youtube,ZmtrWzPcMTA,True
637,youtube,5U8UriH03Ek,True
638,youtube,8ldFiWfni1Q,True
639,youtube,b07ltc0Vq4U,True
640,youtube,uTdQGi2XrDg,True
641,youtube,_LIOibQASkc,True
642,youtube,V1pRbJsEoxE,True
643,youtube,WXXtlMa9Q4o,True
644,youtube,wNR3ucnigyI,True
645,youtube,T0pDW7TPtE8,True
646,youtube,Xgjl07dQ_6U,True
647,youtube,tPMU_awCDrM,True
648,youtube,7yHtTk3gmuY,True
649,youtube,8guyqwYc8uk,True
650,youtube,01GTFAIimvc,True
651,youtube,mea3ETzFO7U,True
652,youtube,oPQHj3utwvk,True
653,youtube,hUwDSPnpCnE,True
654,youtube,se-5R_Gp5x8,True
655,youtube,rLWjiy37EAo,True
656,youtube,A5BnR16_GIQ,True
657,youtube,7Hlb5OK1WS8,True
658,youtube,hezenwjYY4I,True
659,youtube,anw-X4fB-Qk,True
660,youtube,YTivRiNcf94,True
661,youtube,6Gj3Sym6Cic,True
662,youtube,zBROjp3lvOY,True
663,youtube,cdv_s_4taDY,True
664,youtube,M_WvJu4ms14,True
665,youtube,dHX1Tkmcmz0,True
666,youtube,rt5D4OODII0,True
667,youtube,tBgL4ivbar8,True
668,youtube,Td2qvunF-TQ,True
669,youtube,1FI5XkFbtTk,True
670,youtube,zkVUB01FvD8,True
671,youtube,3fuSXGn2ouU,True
672,youtube,zFr7VfdLjkY,True
673,youtube,Zno4T-4oQ0s,True
674,youtube,Oq9hJ_CgbAI,True
675,youtube,l84ZMgwXRS4,True
676,youtube,TUdvvaMIqOE,True
677,youtube,OhSHocZnqmg,True
678,youtube,TwHm_3-muPU,True
679,youtube,w94MlYVi2VM,True
680,youtube,dVVnNvXr4zw,True
681,youtube,WkO2-GFxRts,True
682,youtube,AYkMelYX6GU,True
683,youtube,KqT3myPtjwI,True
684,youtube,tdWzflWOJh0,True
685,youtube,M4kwxnF6Ubg,True
686,youtube,aSWhuZobhys,True
687,youtube,eScu4uVGDdQ,True
688,youtube,habdzUOjpiY,True
689,youtube,L95NvCD2aTo,True
690,youtube,Web3_IwJfbY,True
691,youtube,5WTIVZ19WWU,True
692,youtube,52dj1xxv3xU,True
693,youtube,T8EngqULUtA,True
694,youtube,AO3t44mycz4,True
695,youtube,9QCrWm7bDWo,True
696,youtube,90PEhYXH0FY,True
697,youtube,DaSzXaF4eqA,True
698,youtube,XPVMe89XR24,True
699,youtube,e3A6E345cMs,True
700,youtube,6DM9KSNTPHA,True
701,youtube,m9kHpQu1bEQ,True
702,youtube,mZ5w34zW6Qw,True
703,youtube,098i3tfSQJw,True
704,youtube,i3yT6n3V06I,True
705,youtube,ywWUbPWhU7A,True
706,youtube,9PSH-QyDwp4,True
707,youtube,f3VvracsqOs,True
708,youtube,GliHp_V9uOY,True
709,youtube,ztfM_iFTBEE,True
710,youtube,A3QaUAAOhtY,True
711,youtube,QJYmNcRrEQ4,True
712,youtube,YVcD68Y4u3I,True
713,youtube,cABjo1jTcPY,True
714,youtube,dh_8y6zZObA,True
715,youtube,W3K-h_vfCjI,True
716,youtube,Qc3dLmHNMLk,True
717,youtube,D8pR4N8Qi2Y,True
718,youtube,nzTRZzHi0Rs,True
719,youtube,nfOR9zzJaVI,True
720,youtube,E4xGlOCqVsU,True
721,youtube,_EO-nUlkLC0,True
722,youtube,H3Kc6kud8w4,True
723,youtube,mfaZXm3JZIM,True
724,youtube,s0WoL7EKbcM,True
725,youtube,O6UMU4gDOkM,True
726,youtube,NKiOnjUpDAg,True
727,youtube,evmUtahlm9U,True
728,youtube,rtQ8aLczG34,True
729,youtube,AgZZL4t5mXw,True
730,youtube,CnQ8yavhyJM,True
731,youtube,CdPQ70nz20w,True
732,youtube,zhgZAiHGE88,True
733,youtube,cwLGRw3E13c,True
734,youtube,u6a4kAMYgUA,True
735,youtube,eLNZvoio_8o,True
736,youtube,AM9Usg8JP3M,True
737,youtube,62nRa3CtJJU,True
738,youtube,q6forEnOnhQ,True
739,youtube,s_Hmo0cVyZA,True
740,youtube,xTVqbNwJHHc,True
741,youtube,Dq8_vA3xC5o,True
742,youtube,vcLfa7cNZrU,True
743,youtube,blynMTBIi0M,True
744,youtube,dM-OmPaUnns,True
745,youtube,QHAEpGbCGW8,True
746,youtube,uvEhF23thY8,True
747,youtube,vIcWP8unVE0,True
748,youtube,td4S_fx9M64,True
749,youtube,U9Bi5rdfhFs,True
750,youtube,iY-_rkk-lCg,True
751,youtube,4sOum2RjP_0,True
752,youtube,2pWhasO6m2I,True
753,youtube,3bldDHxGG-w,True
754,youtube,B_qY9jzeY7c,True
755,youtube,sJY4HSVuD8w,True
756,youtube,8npIZrGuXyw,True
757,youtube,_hhG80MgQIk,True
758,youtube,xt9Ah073gyw,True
759,youtube,7xz7HNXF9fU,True
760,youtube,RRzlzAoZX_E,True
761,youtube,71hxBj9i35o,True
762,youtube,LyD9bn5pwuM,True
763,youtube,dhE-dFwhie8,True
764,youtube,Ne1Cv3HEQUE,True
765,youtube,TcVpEwlIjJw,True
766,youtube,Lhii9KeaXj0,True
767,youtube,rPJRyrVf2LE,True
768,youtube,RahWYMliQoQ,True
769,youtube,pGo_qKVJbds,True
770,youtube,TPBtvUQbIqY,True
771,youtube,HrXhOxT3gko,True
772,youtube,Aneh8hAtsL4,True
773,youtube,ex9fm_vKDeI,True
774,youtube,w-1YOB8QZp8,True
775,youtube,J1g5dP0FRaY,True
776,youtube,4fwCTjSxHSQ,True
777,youtube,Y--3bUR6B0E,True
778,youtube,DqDdEeLLASc,True
779,youtube,aBhKI3Tg0Ck,True
780,youtube,NUxFltuBa48,True
781,youtube,0WTPzyJhAeA,True
782,youtube,Z9aOqhh2YAg,True
783,youtube,Jx9ZjznSLaw,True
784,youtube,bSJDZTSbb1s,True
785,youtube,3aPgDeNaoWk,True
786,youtube,rVgul7Qo0KI,True
787,youtube,cjTbnubmbbE,True
788,youtube,2Cp_na1PkBY,True
789,youtube,AEQkxfOUwN8,True
790,youtube,WxOKEXzGM1I,True
791,youtube,ywI6XEqha7k,True
792,youtube,brrOfDPNQ0U,True
793,youtube,8jeIlxDPT9U,True
794,youtube,ZSvFUxhVG0A,True
795,youtube,dwTgRwR0ef0,True
796,youtube,c2cCUini5Wo,True
797,youtube,s8QYcHWXiqw,True
798,youtube,-3wTY_R5NF4,True
799,youtube,vtk-IJzqKwo,True
800,youtube,8bR5O4OQ0mI,True
801,youtube,57nGkkDjeXc,True
802,youtube,nZMF4Fwk33k,True
803,youtube,JBqDpCp3PjQ,True
804,youtube,gn9KMMx6zUg,True
805,youtube,PP8JfmhThNU,True
806,youtube,2RQAY2UtrtI,True
807,youtube,Sce9EmvBGgo,True
808,youtube,ezGKGI1BAnk,True
809,youtube,JNIbERmSTUg,True
810,youtube,S97_vIWLiwA,True
811,youtube,dw1kcf4aP6g,True
812,youtube,xcdtt2N6X00,True
813,youtube,iixcReRzChQ,True
814,youtube,KKtVPxVaAdg,True
815,youtube,RQQXw6Dvt9I,True
816,youtube,Zs42IaViBmg,True
817,youtube,7q87ZCVcLhw,True
818,youtube,uVxp88fcXYg,True
819,youtube,3nEGCH78BfY,True
820,youtube,wj3r1rxTZ1I,True
821,youtube,xHW3JZjR2-4,True
822,youtube,6yatIIXprMU,True
823,youtube,fa5WRIYisLw,True
824,youtube,wqfJnGNkFok,True
825,youtube,hPL6DEh4S50,True
826,youtube,IprU-Q6zz9E,True
827,youtube,JsbBdXK9FXI,True
828,youtube,PtuATM1v8Gw,True
829,youtube,9pe3MuWX9bg,True
830,youtube,WXbSqC-CA7U,True
831,youtube,IscAq-6haEY,True
832,youtube,jz6bvuhh76g,True
833,youtube,elgoLYS687w,True
834,youtube,pQJlllHov3c,True
835,youtube,oDQCrGmLTkI,True
836,youtube,T16oju3zbZg,True
837,youtube,z0wWPJjP1vE,True
838,youtube,E6fNiidz3j8,True
839,youtube,h7cQx3G4Res,True
840,youtube,AUrs6KCz9XQ,True
841,youtube,_6uTSHGhstI,True
842,youtube,vyeae2PtwMc,True
843,youtube,Z4hJGAwv-xw,True
844,youtube,14Uu_-ROkUs,True
845,youtube,s3yRfA7_1MU,True
846,youtube,wVzDZav-DRM,True
847,youtube,inOZ2KqfoNI,True
848,youtube,3jqC-2DvqKQ,True
849,youtube,LtguxMDuvVU,True
850,youtube,LGv6hszaVak,True
851,youtube,iOx1h6eY_Bw,True
